Genes,Mouse_Infected48_R1,Mouse_Infected48_R2
11754,0.5209574,0.5431385
76507,12.8870831,11.7582767
237940,1.7542913,1.5983754
13081,9.8294296,10.0864611
13115,8.5396219,6.8590804
231691,0.0669147,0.0628752
20887,3.7257125,3.621751
217593,0.0206971,0.0237667
106557,0,0
16833,0.0122148,0.0283117
54122,0.4779033,0.4927376
16832,46.5428853,39.9484888
16828,33.147843,32.5552598
80879,3.0549929,2.669207
20503,0.1348572,0.1671062
20501,5.7507737,5.6064818
232156,0.0260133,0.0274684
54403,1.1575614,1.2220594
18293,5.4238348,5.5761059
13382,8.1224903,9.0472291
27402,0.7979427,0.8076357
78920,10.3664434,10.6078466
100417514,0.0060307,0.0111924
26876,0.0041189,0.0033747
11522,4.6914632,5.2146177
11529,0.1888966,0.2276215
11532,9.4088067,9.6033933
76187,4.1691329,4.8699488
12846,26.0445001,25.2781884
72472,0.5402928,0.5532896
11670,0.030086,0.0386981
73458,0.2071803,0.2537834
621603,0.3519803,0.3973717
56847,0.0668601,0.0837793
67689,1.4806681,1.3454843
15445,0.8174034,1.0826283
268860,0.772728,0.9775822
70750,0.9824676,0.9954426
107766,3.3563181,3.7466658
52430,7.5650443,7.3993717
23923,0.5071489,0.6235714
70266,6.6289382,7.1224234
13195,0.6904943,0.713919
17161,0.2432173,0.292502
109731,0.0693259,0.0699452
50799,0.3414348,0.3608988
78830,0.6432415,0.6671992
246277,10.3907204,11.489258
14415,0.0036618,0.0038359
14417,0.0001819,0.0003962
14718,3.4787683,3.5517416
14719,6.1765239,6.319845
212647,7.3698379,7.6872137
17250,0.2164675,0.2143859
20859,0.0000792,0
629219,0,0
434264,0,0
629203,0.0000586,0.0001135
434121,0.0005299,0.0007893
20509,12.548933,11.3501733
11761,0.1059804,0.1030538
110877,1.1214482,1.1221799
214084,0.0912604,0.0920493
14275,10.669219,11.5976049
14276,0.7588287,0.7265035
17159,6.4261532,6.5658818
239559,2.3819092,2.2372449
333424,0.2619144,0.3194927
80908,0.0005074,0.0001404
215335,2.3894934,2.500853
232333,0.0003269,0
243616,0.0000824,0.0001463
14412,1.1302961,1.2783609
14411,0.1133323,0.1153689
110446,7.6250856,8.8599779
231086,1.3453017,1.3745842
52538,2.2127547,2.2924798
97212,5.9905931,5.9380224
224530,18.6164332,17.1227184
110460,12.4634246,11.6249202
235674,15.9690119,14.9486605
100705,0.4491881,0.4730619
11416,2.2636554,2.4399293
68738,1.9329259,2.15214
380660,0.0400142,0.0413876
54342,3.5367613,3.9190987
56174,7.4106534,7.115528
109785,1.6283603,1.6361232
327942,0.3436588,0.3490036
217214,0.0760196,0.0561025
11423,1.0320217,1.1060247
20508,#N/A,#N/A
104112,3.6183531,3.6322747
94181,2.0361258,1.9782676
235504,1.6798197,1.7220133
67311,0.5264904,0.5578728
11433,6.8895873,6.5511395
66659,2.340851,2.4922342
66885,1.9432381,2.1769067
11364,14.5638075,16.5417246
11409,14.9264758,14.5028032
102632,1.9812446,2.0672539
66948,2.2551949,2.3330784
229211,1.9860119,2.0243029
56357,8.7993558,9.1342623
74156,2.7095266,2.7341502
11430,22.5092562,22.635965
109652,8.3839357,8.8872531
11429,8.0130042,8.542032
11428,4.3361622,4.3410799
93732,1.2307142,1.2798501
11431,0.5191583,0.5273737
56318,0.1357025,0.1119184
57279,2.1586012,2.0673568
60525,3.176767,3.3004708
78894,1.7085587,1.773365
107626,0.0192708,0.0154527
13106,33.8062653,42.1804292
11486,0.134029,0.1350486
13340,0.7093099,0.6753371
11639,1.0084916,1.1330975
11637,8.9799683,8.7534879
229949,0.0063878,0.0067385
56248,5.6289003,5.9513281
11702,3.747877,3.6890376
100041585,14.7404295,14.8547069
11512,8.8040542,8.3603919
271639,0.0049808,0.0041167
104111,0.0806509,0.0782118
11514,0.0195583,0.0141048
210044,0.0005753,0.0005571
11513,0.274114,0.2667946
432530,0.3672402,0.370357
104110,0.3648904,0.3475324
11515,0.2320357,0.2217611
224129,0.0578119,0.0528524
63959,1.5484265,1.4126113
434203,0.1382687,0.1388777
114304,0.0004728,0.0003614
269346,0.0549034,0.0481106
71279,1.8971059,1.8874438
53893,1.4540331,1.457186
12494,0.2858645,0.2522507
12895,3.2356626,3.3569149
78070,0.0991529,0.0990672
12894,5.2127905,5.4369426
12896,7.0395436,6.8754504
23972,1.9268756,2.1340854
23971,0.8645624,0.8754841
11564,1.9794755,2.0025665
231727,1.2835062,1.2106657
53625,1.7052341,1.7715369
108902,13.467539,13.2107282
210004,0.2966394,0.2927753
232984,1.5751798,1.4466583
227327,1.8323978,1.7916956
72297,0.0652878,0.0552376
75986,0.3104079,0.326377
67512,4.8340783,5.0711777
102247,2.8396411,2.8113785
68262,0.0771854,0.0696746
28169,3.0114955,3.0594513
52123,0.4239721,0.4245285
55979,10.8113074,10.0578519
67216,0.0372815,0.0401325
268782,0.4825807,0.5380315
71760,0.0581284,0.063957
11611,0.0016032,0.0007762
15211,2.3605077,2.3661733
15212,6.0489803,6.331168
67054,8.6575476,8.8254279
67863,29.5394862,30.3315208
27376,21.9385941,20.9221272
114644,1.0159655,1.2633478
77337,1.2549957,1.9603066
83702,0.0004911,0.0004076
208665,0.2478734,0.3144002
20514,4.9780362,4.5167011
55963,2.0276694,2.0992765
53896,1.485577,1.473675
17254,10.6982649,10.6365969
11656,0.1760671,0.1691292
26912,3.1721301,3.2557609
11655,11.3958943,10.6124766
67760,12.9333907,13.7186928
11988,0.1832345,0.1720803
56774,0.0027293,0.0051132
11987,0.2884821,0.2797285
105727,0.1686804,0.1657602
69354,0.022227,0.0269158
11989,0.0772661,0.0933471
74338,2.2486102,2.2811366
57394,13.9165557,15.1061263
70008,1.1105191,1.168065
76282,4.8783423,4.7003874
108682,1.9934708,2.03999
209837,0,0.0005231
76257,3.065866,3.2564864
225791,7.2167764,7.3285754
58810,53.7672884,56.4478423
11668,0.3071939,0.276548
19378,0.243841,0.2342481
110695,2.7851991,2.8049309
56752,9.4936213,10.2353108
11671,2.7487169,2.7824583
72535,0.6717922,0.7352689
11669,22.6705633,22.4884203
11684,0.2119701,0.2414643
11688,0.0256479,0.0258554
11687,0.2578324,0.1249295
11689,0.0317555,0.0291434
110198,15.7291919,15.0399965
11677,1.4284478,1.3423389
17117,4.0927737,4.6983154
67582,0.18889,0.185669
109674,4.3058955,4.0111274
229665,0.0020286,0.0025168
11717,2.7320025,2.6221221
16790,1.8518256,2.0406261
109959,0,0
100043688,0,0.0003285
100043684,0,0
100043686,0,0
11722,0.1711086,0.1845885
20532,10.2881426,11.1708085
30962,5.6160521,5.828433
26459,0.0138986,0.0075301
242669,0.5273301,0.5061558
330836,0.4031431,0.3740735
11847,5.2675877,4.8976216
11898,0.568342,0.7195423
83885,0.0399453,0.0597767
18408,5.3541544,5.4499805
11883,5.934879,5.4672221
11886,2.1336165,2.1828733
54338,0.2597167,0.266065
20522,13.592633,14.3766835
66514,0.764599,0.7636858
27053,1.0016603,1.0432663
69719,1.6861389,1.6332848
20513,0.0013289,0.0011489
20510,1.9208608,1.9303796
20512,0.188118,0.1780786
20511,0.2395109,0.1839177
242607,0.0010093,0.0012914
12496,4.9270342,4.4728614
12495,0.813628,0.860102
215446,0.0355,0.0311088
12497,0.9049108,0.8763632
12499,5.1325766,5.6232483
72090,1.3331067,1.4639683
11739,48.8070549,49.008273
11740,94.7834525,104.1149103
73333,0.0065214,0.0080112
110173,1.620607,1.6184025
26879,0.1392512,0.1593235
54218,2.0089352,1.853095
93961,0.3354942,0.3881261
108105,0.0366219,0.0355867
12012,0.0425006,0.0474137
110948,0.1858971,0.2065133
22348,0.0271439,0.0243834
170442,0.0486612,0.0438942
63857,0.2257172,0.2113957
71911,1.9225589,2.1364542
64918,2.5011373,2.6770469
12116,0.0176298,0.0158729
101488,0.1081281,0.1053485
12780,1.3775003,1.5662044
76408,0.3815642,0.3691506
28253,0.0001141,0.0001657
233016,1.3472302,1.1994437
109778,2.0205733,1.9997508
55981,0.70163,0.700156
23827,3.462701,3.5110672
26363,2.9900989,3.1006436
330064,1.3279267,1.4072518
80721,0.546426,0.6861611
103149,0.991189,1.1696251
73166,2.7415894,2.6410399
18194,0.7931952,0.8739414
15488,15.4568039,14.7747554
66234,1.4913783,1.6483836
320707,0.0015113,0.0014634
11941,0.0063099,0.0075868
67972,0.6958579,0.7454081
381290,0.1883895,0.2066027
12359,10.5489383,11.2540007
110893,0.0011443,0.0013413
20541,0.0317281,0.0437222
110891,0.0117572,0.0128989
109136,0.9520013,0.9408417
14377,2.4840188,2.7237578
14378,0.0021375,0.0025402
68401,11.5813661,11.209623
227231,0.0000602,0.0001312
12408,18.3042835,18.2956
52858,20.0491244,18.9354198
74596,1.0593451,1.1516958
110911,3.2048317,3.2287593
99712,0.8609174,0.9022826
212862,11.4240136,12.8859601
223753,0.7107808,0.6963687
68018,0.6297344,0.6666336
57738,1.046237,1.14446
12642,4.354417,4.0305651
12647,0.0002541,0.0001914
237928,1.5316395,1.3588057
13026,1.9055447,1.930825
236899,0.0040266,0.0042473
108096,0.0076182,0.0070034
20493,0.074491,0.0657745
20494,1.2258277,1.4564764
27413,0.0002186,0.0002419
218865,12.8706008,12.181465
12651,6.1674932,6.1567951
12660,3.529182,3.8709592
63993,0.0010887,0.0010542
20518,3.6792412,3.7789197
20520,5.6771166,5.6675949
54200,0.053613,0.0490382
59045,2.1681785,2.051515
11303,0.801853,0.8561891
81600,0.0002587,0.0000835
67729,0.220187,0.2064974
71884,0.0004852,0.0010962
20500,0.9385039,0.9361224
13358,35.6607276,35.6674473
12716,7.0924236,7.2007092
76722,0.0074188,0.0063779
12709,10.5728851,11.1322658
12715,0.0245402,0.0168441
23985,1.3171308,1.514322
171429,0.1143691,0.1128191
66586,1.9634027,2.0263043
24060,1.4213635,1.4247122
12764,2.5693208,2.6497866
73132,2.2950845,2.4010352
436059,0.0475673,0.0551745
230027,0.5489625,0.5634133
217707,1.8942124,1.8757482
12850,1.1668595,1.1246757
72077,0.1154067,0.1117481
14537,1.4322365,1.4099334
218476,0.3412156,0.3491083
272411,0.0355296,0.0290417
102857,31.2557033,32.0622715
12908,7.3125122,7.2598147
30805,0.7195336,0.7628908
12974,9.1520407,9.2971522
74114,9.0484403,9.7793502
20539,0.3492335,0.3186655
50934,0.5097474,0.502524
12583,9.5674526,10.0930909
215113,2.5254604,2.3322397
26570,0.2117214,0.1789021
72269,3.0205896,2.8090001
11628,0.0406537,0.0319175
80914,0.2431593,0.2448837
22245,9.3524413,9.2596588
66588,2.5059916,2.670096
22169,0.8383956,0.9265192
320127,0.0023677,0.0025706
217480,0.0003463,0.0003857
104418,2.7625669,2.6444198
380921,0.0645716,0.0668877
110197,0.0772949,0.0734404
227333,0.987454,1.0155172
13139,0.872345,0.8556407
56077,0.1738241,0.1748389
110524,2.6544312,2.7125984
13142,7.1736671,6.9714242
93692,7.3550749,7.0410626
69367,2.2471535,2.331486
70503,1.9320625,1.8495891
13177,9.3151968,8.4515979
23986,2.2417825,2.2097503
13178,0.4952188,0.4874569
13190,0.0061942,0.0059979
20249,8.7643997,12.9491237
56473,1.8948846,1.9253146
76267,7.7445545,7.7022387
13350,4.257753,4.2054918
67800,2.7429385,3.0566507
27369,0.9891548,1.0063298
20527,0.3463711,0.3372923
20525,3.2564082,2.9716534
20528,2.8072737,3.2781299
74754,13.4499058,13.0383581
13122,0,0
13360,0.7827871,0.7588458
13244,17.7880102,18.7274889
70059,1.6832627,1.8170002
20860,0.0272867,0.0223878
56749,0.9181008,0.8888135
64705,0.0117913,0.0106906
22240,0.9231017,0.7727329
12934,0.0691812,0.0653583
57274,0.1499743,0.178894
110196,0.78955,0.9029587
74129,0.7971341,0.9265906
67283,4.6764355,4.1957401
380959,4.7273814,5.2622362
68563,2.7834159,2.6304131
13481,10.0911566,9.5092786
13480,1.945251,2.0197154
59012,0.0067412,0.006229
13166,0.0106092,0.0147508
22173,0.0000247,0
20538,0.0032908,0.0030726
13162,0.0004663,0.0008278
20519,0.0304378,0.0255168
12183,1.1859928,1.1974296
18648,47.5773498,45.7363193
56012,8.0382765,8.295768
192156,3.1363792,2.9701663
232449,0.6122088,0.6166499
99586,0.0394322,0.0424868
21877,1.9003451,1.7757537
57813,1.2563113,1.2459189
110074,1.662388,1.6204641
16434,0.4539431,0.413756
13595,4.6605058,4.7296277
93747,13.9608315,14.3376201
11992,0.6522794,0.6500364
51798,41.2885244,40.7757261
74147,12.7794454,13.4783296
26458,37.0876298,40.7693848
108115,2.2409131,2.2062152
58807,0.0013165,0.0016882
239273,0.2493479,0.2478659
108116,0.7537492,0.7237156
110826,15.9775424,16.0421496
110842,1.7312149,1.9019824
66841,5.037817,5.0392337
75320,3.4269306,3.6216141
214253,0.9764052,0.9602259
75540,1.118617,1.2127905
435766,0.0000424,0.0000528
74205,0.3751503,0.4250626
50790,3.137402,2.9834205
14081,2.1643278,2.3160373
433256,3.3442936,3.2730664
328845,0.0003639,0.000453
216739,0.0040893,0.0042444
117147,2.1959389,2.3978971
18605,0.1933743,0.2115101
209558,0.6072146,0.6261022
83603,0.0080246,0.005999
170439,0.1986896,0.2180826
68801,0.7464689,0.7202675
54326,0.8755192,1.0278285
666168,5.3145017,6.0809834
100040843,1.4927618,1.7126598
13117,9.1508337,10.2235583
435802,0.0893291,0.0844459
14104,9.7875953,13.7295498
26457,4.363759,4.4588459
26569,5.7417303,5.5628876
26568,1.0465561,0.8552795
11674,147.470142,145.8034306
230163,113.9068138,127.5246365
11676,1.9281348,1.8742198
14121,9.2193476,10.997852
270198,0.347095,0.3553415
18639,0.0648201,0.0652599
170768,2.0224773,1.9006509
18640,0.9521421,1.0388748
14120,1.5487945,1.4492509
14151,3.9479752,4.0908277
107747,3.5425369,3.5586326
73649,0.0454172,0.0400024
234730,2.1776226,2.0778991
71562,2.108926,2.0223283
13361,0.6165623,0.6624308
14287,3.2812751,3.3268172
56017,1.5420346,1.4869044
20526,1.6619207,1.8686172
435818,0.0036743,0.0035578
56485,0.2387594,0.2826646
216188,0.1775461,0.1833045
270685,0.0821346,0.0804662
108156,1.6921223,1.7847165
66848,11.3735777,12.6538524
71665,7.0559383,7.0735293
14085,8.2534913,8.596296
14194,6.2298154,6.5828881
14343,1.4410735,1.2615598
14348,0.253192,0.3005814
57370,8.2099235,7.8869738
53418,0.7589897,0.717631
14595,2.2369535,2.2608488
56336,3.5403409,3.6340637
14571,0.3457756,0.369405
56454,2.7616451,2.9380338
100198,17.0245444,16.4368962
14381,2.926383,2.819046
14385,9.4994028,9.9000875
14431,1.0526028,1.0467955
53897,1.4904574,1.4386832
19025,37.4761676,37.7851299
12091,1.7793425,1.8202172
50917,3.1784547,3.1694093
18010,58.1704569,56.9727231
14420,1.3672591,1.4911846
14421,11.5533026,10.8041095
234356,0.0217071,0.0238501
78752,0.6186237,0.6641809
74241,7.4203448,6.669956
269941,0.2739177,0.2713458
78923,0.0067585,0.0059469
230145,0.1311292,0.1296048
14423,1.1826245,1.2240201
231605,0.0093691,0.0065532
14426,3.214261,3.3707246
171212,0.0832,0.080196
271786,0.0001601,0.0001989
207839,0.0913448,0.0816033
78754,0.1393349,0.1207134
241391,0.0009509,0.0007892
108148,0.8880601,0.8654266
108150,0.1601354,0.1653644
71685,0.1588513,0.1659587
231050,3.4372602,3.8627257
14425,0.790394,0.8249623
170441,0.0446435,0.0484117
117592,1.7276615,1.6208444
218271,1.9817725,1.8338436
232714,0.4565944,0.4935669
14450,2.4178456,2.3568091
11593,2.3495357,2.4418343
14466,6.63975,6.3393287
227671,0.0642158,0.06181
104776,10.910689,12.7221579
214579,1.385188,1.5761665
434437,4.7818621,4.7292273
104174,0.3793694,0.4472186
68133,3.8701093,4.0145751
14538,0.9841547,1.0201334
228368,4.3495119,3.9995835
22122,8.5292963,8.0751027
14590,0.8529359,0.8593029
110175,0.9958579,0.9839112
27357,0.9706394,0.9745696
232493,0.0528178,0.0672956
14936,2.6284353,2.5725679
23887,0.2371169,0.2201644
108037,9.9125597,10.2125331
20425,2.2585081,2.3561308
11605,0.9872138,0.9554314
74185,0.0822708,0.0853621
110006,4.6396171,4.475678
109685,12.6198665,10.7362132
93683,1.1699781,1.2720043
100910,8.6940645,8.6902851
14042,0.2722676,0.2811114
14043,0.4813233,0.4619384
76898,0.0288428,0.026908
280645,0.6959406,0.6821449
72727,10.7540933,9.979271
27419,6.9003792,6.7763549
64580,0.0001371,0.0002114
15531,4.8679458,4.912239
83398,0.000465,0.0005077
17423,4.4912304,4.4233158
54616,1.5268163,1.4627222
58193,0.7130912,0.6880699
56219,0.1212522,0.115973
117591,0.0876634,0.083572
353169,0.0927683,0.103907
227659,2.1328519,2.0621467
20537,1.2290616,1.3749637
77559,0.7266871,0.7603049
110078,1.0591226,1.0801389
19309,0.2683611,0.2898109
110095,1.2335197,1.1934844
14629,15.2098887,16.3004111
14630,22.5776263,23.1133721
14661,10.6117068,10.5236473
14317,1.9797413,1.7863969
14660,4.6209284,4.5492901
216456,0.0521858,0.0521549
71803,0.0796307,0.0836619
68267,5.678922,5.5016003
270076,16.2820373,17.6469227
140919,0,0.000064
216227,0.0187302,0.0188712
72961,0.0133351,0.0153657
15112,0.0003144,0.0001107
56185,2.0440495,2.3826404
67092,2.7599251,3.4945593
76238,11.4212232,11.4538998
14933,1.6662522,2.1577844
14626,0,0
14651,8.3846417,8.2268976
14664,0.9383417,0.913441
110208,13.8809203,12.8866666
14711,1.8603143,2.1240683
14732,1.8526423,1.8555446
70325,1.4122391,1.4139518
241062,0.1626496,0.1757316
67556,2.3781674,2.2481663
72084,1.2755417,1.2795949
14782,2.6747331,2.6447965
21672,28.0812736,26.8766103
18477,14.9322934,15.1253258
14776,0.0268174,0.0391959
14775,1588.793003,1448.990643
625249,15.8236076,15.6137206
14778,1981.322473,1894.721435
75512,1.126952,1.354236
67305,0.3309642,0.333435
11757,7.356909,7.4863327
14854,5.0215323,5.1085448
14598,18.6165949,20.1984991
234889,0.0017499,0.0022606
54195,0.0643581,0.0688932
230103,1.2569378,1.3536124
245650,0.0006614,0.0012128
14917,0.0832569,0.0788995
18160,1.0337155,0.938257
14919,0.0049946,0.0077548
60596,0.048589,0.0527453
14544,0.2192838,0.2012114
12352,0.0156254,0.0208312
56078,1.1355271,1.1870488
27392,0.2555411,0.2655632
230801,1.4506902,1.3779376
99439,0.005952,0.0059098
214593,0.0035309,0.0035857
11833,0.1509443,0.1480932
56703,7.0593756,6.7918292
18701,2.622507,2.6262345
433931,0.7006279,0.7973825
239827,0.0964533,0.1175853
329777,0.1796314,0.1779948
14731,13.6980526,13.1149216
228812,0.3042823,0.295951
276846,3.4229969,3.2566171
78928,7.8981523,7.2433372
15108,26.448613,26.287843
15107,5.6056898,5.6879361
15118,2.5055173,2.297455
15116,0.0425831,0.0364448
15117,0.0558442,0.0476897
71883,3.0526964,3.0477144
20535,5.5874962,5.5877259
240215,6.6363287,6.7390243
20533,0.8477348,0.973359
20536,1.8064822,1.7221382
103988,0.0019183,0.0021777
15277,0.3008723,0.2989942
15275,1.0471947,1.0079169
216019,0.1962346,0.1941427
212032,0.479656,0.406778
15233,2.925634,3.3578427
58875,2.3406123,2.5355051
15186,1.0354256,0.9603183
11944,0.1172421,0.1459611
11945,0.0047784,0.0040299
70789,0.0360807,0.0452533
208715,8.250703,9.7863492
15360,1.8484307,1.3577323
15356,5.1547699,5.2821988
208982,0.0085423,0.010427
15368,15.0126378,13.9341239
15369,1.4774203,1.4475783
56794,0.8810627,0.8185737
52815,264.0125264,245.5625875
27029,2.1590188,2.1187095
15483,0.2627211,0.3045198
15484,18.8140674,18.3685008
15485,0.2201113,0.2593372
14979,36.160824,34.4318045
15486,0.4962865,0.5221749
15490,0.8930606,1.0254987
15497,0.0338979,0.014294
15492,1.6271422,0.5734779
15496,0.0794127,0.1306813
15494,0.5199688,0.738615
15493,0.4781946,0.6459016
15495,5.2138341,7.5580394
100043456,1.7004251,2.4884901
101502,4.9045127,4.6454174
57028,#N/A,#N/A
15929,20.5908043,20.9082854
170718,33.9148934,34.1054016
67834,5.8869179,6.3956317
15926,6.4886667,6.983288
269951,10.515304,10.606633
22018,0.0035317,0.0032376
15932,8.0930315,8.4491737
12036,3.9556705,4.0034563
72401,0.1442621,0.1512285
56727,21.6991237,30.0274908
239606,0.0104774,0.0136871
53881,5.8316044,5.8372817
319554,3.3443604,3.8429743
320581,0.00444,0.0025405
216225,1.3085133,1.4379776
56451,7.3050023,7.5065673
20917,0.475175,0.49891
20916,1.532988,1.6247475
20498,2.7850327,2.6807047
20499,2.3051474,2.3590322
107723,0.5275398,0.5436365
57138,0.0885991,0.0795061
16548,11.8718794,12.7552215
236727,0.0326903,0.0312808
77031,1.1778573,1.2208416
98256,0.9328106,1.1012373
226413,0.0003366,0.0005432
11432,5.3078915,5.358669
16816,0.6356425,0.6348416
171405,0.1251657,0.1344072
207151,1.0723469,1.3311939
236149,0.5333016,0.7617904
236293,0.0051872,0.0085683
319800,0.2661627,0.4056233
434674,0.1549099,0.2341106
327951,5.3225385,5.5308723
64008,0.0555413,0.0469832
106648,0.0386043,0.0332864
16987,0.811614,0.8478144
18783,0.0712974,0.0721164
12735,#N/A,#N/A
19193,13.9851255,13.7403554
16956,5.0490452,5.7386632
15450,0.1610571,0.1480793
12613,0.0042825,0.0055981
116939,0.4944102,0.478882
23945,0.3590262,0.3692718
237625,1.4165526,1.388467
79235,0.2620869,0.3108197
235293,1.126531,1.1618773
16993,1.1599629,1.1474801
17001,1.7931245,1.7862235
66447,2.4224044,2.5005182
211666,0.0403744,0.043831
14874,6.0620154,6.7608819
14387,3.4077928,3.5548871
72039,2.1975881,2.416813
78038,0.6445326,0.6915715
56690,3.4344038,3.3882445
246221,7.9073208,8.428262
17448,22.036298,22.3205098
17449,23.4669012,26.6860376
107029,0.2623569,0.2469088
17436,1.3117832,1.33826
109264,0.2277365,0.2263237
15930,0.0036701,0.0064948
13095,0,0.0000515
13076,0.1406276,0.1557311
13078,2.3352626,2.2668872
13077,0,0
11720,0.0036811,0.0038131
108645,3.3658234,3.4745697
232087,45.0246847,48.7916275
238505,0.3176301,0.3303088
17855,0.9821829,1.0618083
16331,0.1943025,0.1712952
104015,0.5281418,0.5754759
16332,9.5692588,9.1412583
170835,3.0430385,2.9761682
16330,1.4915412,1.5993181
64436,3.759745,3.8379577
212111,0.2730668,0.2721102
16329,0.2991096,0.3229364
228550,0.1169903,0.0993201
233011,1.3165194,1.1986849
320404,0.3034419,0.2885367
71780,26.1805562,23.9229684
269180,0.1759015,0.1711362
234515,0.0010203,0.0012137
76051,0.4762853,0.4965845
73724,1.7422156,1.7484637
17850,3.9911981,4.5727435
68393,4.5080322,4.3646565
233549,0.0634668,0.0736488
66902,0.706938,0.6999948
17768,1.4717717,1.5514205
94192,0.8947717,0.9690457
11484,0.6261428,0.7240228
71670,85.7996375,101.4093552
17939,8.5427509,8.1743384
59033,0.1844998,0.1862574
94229,0.0006453,0.0007543
114479,0.0189855,0.0150266
11931,66.8472243,69.8873048
232975,0.2696813,0.2267875
98660,0.478289,0.5012564
67821,0.0113178,0.0098861
11933,2.4725777,2.4386983
11928,136.4638302,131.1991443
27222,0.0709095,0.0569543
11932,1.2751845,1.2558554
20544,0.9197829,0.8717794
105243,1.7329676,1.917278
226999,0.3394485,0.3578246
338403,0.2184402,0.2061338
66054,36.2720589,39.4256736
20497,18.5100978,19.5423124
238384,0.0003886,0.0000684
94249,0.0081462,0.0102324
214111,0.001757,0.0015915
76376,0.0095773,0.0090568
76025,6.0560339,5.6860438
66422,5.8351972,5.3158432
67464,3.2716754,3.3195254
100862375,2.9200685,2.951048
21915,3.8234857,3.8330848
79059,29.0834671,27.8700083
18103,13.1045529,13.7961066
18102,11.6736072,10.8212116
54369,1.3302376,1.2293318
171567,0.2964771,0.306205
56520,2.0915281,1.8346536
58176,#N/A,#N/A
19743,0.0032444,0.0028221
20495,4.0103748,4.2735467
20496,0.7083893,0.7064676
74080,0.2228358,0.2035386
66454,0.7122985,0.7002763
226518,0.0023721,0.002441
59027,5.447639,5.2043566
18113,0.173887,0.1698004
18948,0.0112884,0
18127,0.5430952,0.5387946
18125,0.0080727,0.0099196
18126,0.6337487,0.6247703
667034,9.2257979,9.0066418
18950,#N/A,#N/A
20517,8.4108968,8.4758166
20445,0,0.000602
50773,32.6805588,27.8125121
18675,0.0003024,0.0003364
103850,0.6429718,0.6193971
23959,5.6107999,5.505886
69983,0.0000205,0
18416,0.0000237,0
67041,4.029994,4.657315
353371,0.0492596,0.0665973
13171,1.6973584,1.8872458
12040,0.1514714,0.1590076
12039,5.7846688,6.0238806
75475,9.7351106,9.7724589
18242,10.0808396,9.954673
22247,2.305884,2.3046058
13521,0.7897164,0.7860325
231583,32.1391782,33.6882708
13487,0.000824,0.0008359
13070,1.0244093,0.3806136
13072,0.3636662,0.0998466
110115,1.7325639,0.5757246
13074,0.0384186,0.039373
13075,0.0001185,0.0004015
56388,0.0012059,0.001265
13113,0.0829182,0.0836441
13114,0,0.0000944
337924,0,0.0000989
13112,0.0001276,0.0002471
100041449,0.0003352,0
622127,0.0010085,0.0021275
100041375,0,0
13079,2.8905374,1.070573
104086,0.9900874,1.0702252
13086,9.0339862,6.97343
13087,9.8245297,8.8467352
72082,0.0003654,0.0004864
13097,0.0002438,0.0001931
13098,0,0.0000547
69888,0.0000891,0.0002587
72303,0.001138,0.0010061
56448,2.1934173,1.9893469
13107,0.4380068,0.4308898
56050,0.057253,0.0569967
53973,0,0
13116,0.0536369,0.0549383
64385,0.045671,0.0460229
170716,2.1016818,2.0946464
72054,0.5155616,0.441693
13123,0.4421979,0.5331165
13124,0.0091908,0.0121357
209027,0.1672151,0.1425314
100163,3.8337522,3.6073419
18475,3.3216239,3.3371403
18476,12.8462914,11.3409291
18472,2.4653539,2.5423119
27226,1.1408399,1.017679
73836,15.1265068,14.3907039
11982,0.0112663,0.0110289
18806,1.8811673,1.7363862
18805,0.0605203,0.0659928
266645,0.3012419,0.4032993
18563,2.0763836,2.3031732
18670,0.0913077,0.083813
54611,0.0057853,0.005747
18578,0.0476324,0.0480682
18584,0.4154384,0.4144654
18574,0.2708676,0.2450037
18583,0.3860492,0.3904251
110385,4.3026858,3.9671485
18575,0.0137651,0.0134551
238871,0.1079935,0.1043349
18573,0.1246516,0.1438934
18576,0.1636632,0.1868408
23984,0.0056691,0.0051439
18577,0.1522518,0.1422809
207728,0.2397475,0.2145081
29863,0.0220426,0.0239871
241489,0.0217015,0.02211
218461,0.0681986,0.0687395
110855,0.0003184,0.0010175
18585,0.2270549,0.2280886
242202,0.0690417,0.0681008
225600,7.9568775,7.6533344
18587,0.0088116,0.0093568
78600,0.0055661,0.0040698
18582,0.757012,0.7382277
18588,0.0953364,0.079738
18598,0,0
68263,7.8406758,8.5327924
235339,3.8886984,4.1496667
18597,17.2051769,18.2754476
103711,8.8286028,8.8459696
11980,0.0929212,0.0900717
18534,146.7163169,146.1592862
74551,3.3528001,3.3091184
80911,4.1139968,4.1272267
68671,12.9107923,13.7483348
18618,0.052931,0.0471361
236539,0.1987023,0.2148727
19215,2.2970098,2.3967006
54486,0.1195297,0.1142551
96979,7.3686852,6.8232019
64292,1.1683277,1.0908268
19223,0.0481107,0.0363697
66461,5.1085211,4.9913141
74451,2.7554453,2.6132193
19225,1.4045282,1.3329985
19224,0.6685836,0.6554042
234724,0.0026091,0.0013474
18478,1.3841689,1.8889763
16922,9.0302534,9.5832998
19211,1.5009864,1.5185632
20975,0.1899418,0.1840888
18720,0.6495801,0.6353761
18717,4.7070801,4.4342107
18719,0.0592856,0.0578593
84095,1.7491344,1.6184358
224020,1.0272996,1.0595218
107650,1.9157413,1.9510048
74769,0.2347816,0.2412599
18708,1.530903,1.6840108
18707,0.2955986,0.267912
18710,0.173894,0.1767693
18709,5.8248205,5.4359852
18706,0.9104453,0.9593774
23900,0.4290402,0.4656163
30955,0.1516444,0.1385424
320207,0.3015204,0.2573267
320634,0.5803123,0.5997325
18795,0.1056707,0.1089028
234779,0.25384,0.2531363
269615,0.02822,0.0273896
72469,2.2111104,1.9520811
114875,0.0002203,0
18802,0.2218869,0.2113057
18796,0.1903247,0.1730557
18803,2.5541026,2.5409783
74055,0.0375813,0.0363295
18799,0.4583803,0.4571335
18798,0.0369448,0.038165
18797,5.2488263,5.0073146
227120,0.2743628,0.2546578
433022,0.1927095,0.216044
269437,0.0323309,0.0367009
18711,0.2707666,0.2926099
108083,0.9171487,0.8622318
117150,15.1171211,14.9485137
18718,0.0901129,0.0874181
53357,0.7897377,0.7775361
18780,0.0068498,0.0014213
66350,1.7150127,1.6724765
18784,0.839359,0.6647585
26971,0.0045934,0.0022239
211429,#N/A,#N/A
329502,0.0708493,0.0639657
18778,0.0171382,0.0126793
18782,0.109445,0.1069752
26565,0.0097182,0.0100045
26970,0.0568045,0.0637396
68603,1.6814769,1.8462601
271424,0.0210199,0.0155801
27399,2.3241613,2.3035924
76500,6.9444759,6.6118771
74776,1.1130638,1.1492424
50784,17.3025805,16.5143514
19012,0.3194459,0.2995217
67916,1.0921386,1.0990604
19044,8.229194,7.8028725
13861,0.0033893,0.0034186
11758,14.1072266,13.6823045
17523,0.0046624,0.0046602
19125,5.6619685,5.8906405
24059,0.5152633,0.507934
320951,1.2518947,1.2396708
19210,0.8476152,0.8191807
27388,1.7948953,1.7519308
171210,10.7229925,10.2083186
170789,3.4370331,3.2035821
171282,4.6621453,5.3390945
19286,5.8145367,5.90243
20229,114.871519,117.7111554
69215,3.5681975,3.7326825
216134,6.2506354,5.8016865
22271,0.8407937,0.7735371
76654,0.0408993,0.0432169
14863,4.8137988,4.7946557
71336,0.2829417,0.284793
19682,4.4363684,4.3293317
54150,0.1819766,0.2183658
216453,0.3438461,0.4506126
103142,0.0966353,0.116102
19683,1.3041389,1.6174805
216454,7.8137803,10.2502625
107605,0.1225241,0.1578187
98711,5.0180905,4.7764067
108841,1.2866519,1.3767283
77974,0.2548425,0.1966308
17252,1.6993313,1.773203
242285,0,0
105014,4.0795162,4.0082416
235033,0.0008508,0.0004119
69698,1.784188,1.7411159
225994,3.1953959,3.1537892
20443,0.2839512,0.2631114
20442,3.273519,2.8184012
20444,0.5620151,0.5465997
338362,0.0057531,0.0051437
23908,0.1744688,0.1766855
15931,1.7305241,1.7908192
15476,0.012973,0.014033
628779,0.0008496,0.0007962
319415,0.0008555,0.0008861
195646,0.0000446,0.0001729
15478,0.0077266,0.0082208
54710,0.1171779,0.117872
328779,0.7835255,0.6689883
72136,2.4061017,1.9325839
58250,0.3811808,0.3862226
71797,0.1810748,0.1614651
59031,0.2168343,0.2038609
11881,0.3203551,0.3491481
56773,0.0015469,0.0027711
54371,0.7833006,0.688816
26887,0.0034936,0.0027678
76969,0.4959972,0.4035433
53374,0.2980553,0.285345
60322,0.3159686,0.3298064
50787,0.019531,0.0178007
50785,4.3539832,4.3357904
50786,0.0048716,0.0049581
75612,7.6605716,7.6643051
30956,5.1602711,5.3530735
69156,9.0501935,8.5537473
140483,0.117732,0.124894
192166,1.7524097,1.8646068
81535,2.880488,3.0675092
20322,1.5853474,1.8194475
20280,1.4543099,1.5978622
20540,2.6227963,2.7947261
268656,1.3704975,1.355176
20773,3.8705169,4.1411354
228677,0.0051679,0.0045542
13885,8.0380096,8.1389698
20397,2.2528125,2.2034861
20454,0.0719989,0.056172
56632,7.908411,7.4438642
20698,7.4306764,6.6153662
76668,0.0099826,0.0107179
58994,0.0171241,0.0115773
238011,0,0
77626,1.387595,1.4033674
20597,22.8856212,22.5015615
20598,11.0362743,10.102803
208449,0.3996567,0.4032782
208890,0.0107549,0.0145637
320718,0.0467153,0.0439141
224661,0.017446,0.0183738
268512,0.5685871,0.578563
243755,0.0240489,0.0291377
20652,0.8827986,0.8836203
20657,22.9993556,23.2257046
20656,22.0356894,22.3348666
20655,20.765,22.676276
20751,29.789352,29.2377537
20603,0.1877448,0.1870699
20810,8.6943466,7.9509908
20775,3.9720158,4.2564622
14137,0.9612691,1.0052281
78925,0.3191331,0.2882545
94224,0.1216666,0.0918559
11298,0.0640185,0.0521718
15567,0.2014272,0.18929
20441,0.3738837,0.3652834
54613,0.5197723,0.5237043
20446,9.6375674,9.7097197
20447,0.0035868,0.0041228
50935,0.3381668,0.3069576
26938,0.0079903,0.0078707
20449,0.3537142,0.4094446
225742,0.0006321,0.000544
20905,#N/A,#N/A
66945,13.5365526,14.1938734
66925,21.2234421,21.7632554
66052,9.9462267,9.9533223
67680,9.5569187,10.030447
211389,9.1841285,9.0467503
21366,5.4688837,5.5183881
13180,14.0136219,14.6901037
18115,1.6336054,1.7564622
105663,7.0531748,7.051481
20502,1.808223,1.7319886
72962,5.4618862,5.3918739
192289,#N/A,#N/A
50493,6.3667304,6.3474423
212974,8.3827452,8.2907557
58866,3.3868156,3.4059199
21990,0.0043605,0.0031046
216343,0.000827,0.0006822
56720,0.0373685,0.0385511
209176,0.087473,0.1015264
55961,13.5334626,14.6458724
21391,0.0564535,0.0590156
21823,0.0020803,0.0027132
22178,0,0
50798,0.5015363,0.5036479
66248,2.6060838,2.5319679
22232,3.0303592,2.9075757
22235,3.6999722,3.8823206
242585,1.2732043,1.3497929
67883,0.462936,0.5120409
18606,1.3733895,1.3683749
58246,4.1860121,4.1988276
16770,0.0028534,0.0034537
22234,0.5984933,0.6317682
70484,0.9272635,0.9930868
394434,2.0272898,2.1049575
394430,1.8595528,1.9332601
94284,1.7854725,1.8173658
394432,2.4019971,2.4931205
394435,1.7989115,1.8309517
394433,3.8669784,3.9311949
22236,11.10619,11.2878463
394436,28.8181506,29.2643547
243085,0.0003013,0.0005835
231396,0.0002447,0.0004147
22238,3.0827759,3.2872436
112417,7.4028223,8.257671
100559,19.2738265,20.3852512
71773,0.0009881,0.0015947
100727,0.2908253,0.3356299
68556,5.2358811,5.0952478
22436,1.3560869,1.2858647
102448,2.8383762,3.0468364
233781,0.0173341,0.0182094
217119,1.903993,1.8999735
67880,18.6619409,20.178311
76429,0.0797777,0.0747121
67895,2.0747523,2.0767236
76055,4.0152145,4.0097826
12870,15.4009288,14.1718208
14325,566.8445402,519.0996003
14319,2645.573506,2403.028441
67634,0,0
109754,10.610959,9.8319887
72017,4.821975,4.8859036
320635,0.01582,0.0232247
26462,0.6888503,0.6990705
71743,36.0046031,35.5545612
76952,0.5403866,0.5543108
230718,0.1684213,0.1584897
107569,0.9380368,1.0006793
70881,0.010243,0.0111679
15452,2.3513174,2.3174381
11821,37.8810727,36.3245059
52633,3.8219908,3.9977997
18770,13.3822485,12.2487202
207182,0.2895507,0.3090826
71522,4.8379869,5.3431065
18641,4.9809512,4.4897511
107869,1.6137486,1.8419898
14555,18.3758462,19.975794
69080,5.8454278,5.5371722
331026,8.0795602,7.4224307
12411,3.3503874,3.6367062
11647,0.9806957,1.1113476
19895,0.5457582,0.6072404
66355,3.1596151,2.8977936
105446,3.7811631,3.6826009
107239,0.2948663,0.2825488
229363,0.8113124,0.8312168
70025,0.2528885,0.2425318
19063,3.4303519,3.520202
171281,1.1206553,1.1206267
54397,5.2919817,5.2002437
111175,3.5203145,4.1090778
26922,1.8543452,1.8552473
11370,58.2591948,56.7161115
11363,9.8455287,9.8507955
235582,16.2780513,16.1069896
320208,0.0735179,0.0738044
223646,14.0957762,13.6614754
67375,5.9463054,5.5320046
382985,2.6671068,2.6357105
20133,0.7087686,0.7102363
20135,1.5920433,1.5378334
15357,1.3703947,1.4238209
666417,#N/A,#N/A
107885,0.7058324,0.6723719
100039707,0.6469822,0.6276857
211488,6.048595,5.8309302
211347,2.2068818,2.5315823
74450,1.4838693,1.4669675
75735,2.3605894,2.5837851
269614,1.9622933,1.8928617
67993,2.4063206,2.5853485
22117,7.8934035,8.1186635
227095,0.3390932,0.3503963
69051,7.0908532,6.4346327
22275,12.784528,12.1799516
13121,1.5070306,2.0694009
433323,0.2344022,0.2486969
20524,2.3617148,2.4703022
229782,1.3799877,1.4977763
27409,0.0011836,0.0021011
67470,0.0012203,0.0028228
237831,0.0402978,0.0439604
223920,0.18798,0.172274
16889,2.8185434,3.1653216
76459,2.0201488,2.2106476
12349,18.244161,17.8879648
230099,0.2979637,0.2871184
23831,1.4266839,1.6099897
12353,0.0042103,0.0025343
12346,0.0015461,0.0019462
12351,2.9301103,3.2507799
12354,0.1341422,0.1331167
12319,0.0082933,0.010273
71934,1.2349061,1.2073994
27416,0.790193,0.771978
18173,3.529819,3.0916415
20504,12.3000272,13.5555044
22782,11.6601653,12.4638271
224674,0.210396,0.208755
11666,0.731463,0.686341
19299,3.6516929,3.7894403
217700,0.8339884,0.8957533
67115,23.8009717,21.7640195
94352,0.2053363,0.1932563
72562,0.467016,0.4532634
29859,0.0481238,0.0473429
67328,0.0001987,0.0002886
76113,0.0024594,0.0020927
71147,1.782675,1.8906723
234129,0.017334,0.0204247
12799,5.0661239,4.7504382
107146,8.8857119,9.2102211
13120,18.7302291,22.4167613
13088,0.022469,0.0178949
13110,1.2074621,1.1934427
81906,0.0014569,0.0032728
74134,1.1115793,1.2013364
631304,0.0010373,0.0010044
17228,0.0218321,0.02114
109697,0.0005302,0.0005134
232680,0.0017791,0.0017916
329093,0.000202,0.0002475
74649,0,0
17229,0.0558914,0.0398238
100503895,0.1054326,0.0864364
11421,4.193598,4.3991798
16591,2.7940216,3.4682851
56386,0.4904518,0.4893001
22239,0.7774012,0.8932287
18746,10.537955,10.0936271
18704,0.7150058,0.7571631
240752,0.0426834,0.0403289
18705,0.0027133,0.0028648
26378,2.5994603,2.4609998
67460,3.940649,3.8442992
109857,0.4014547,0.349774
28200,9.0019409,9.0589021
320997,0.0036631,0.004598
13850,3.921956,3.9427898
74302,0.6567395,0.6574263
77116,0.7037363,0.7391292
14780,0,0.0005006
104245,0.0004853,0.0004993
218756,0.2438574,0.2464958
233836,0.1862948,0.1965501
20515,16.5499329,17.6451342
20516,0.9331373,0.9226926
142681,0.7262794,1.0036609
240332,0.007359,0.0110658
15487,0.0008956,0.0006121
13167,87.9500933,79.0286067
26874,0.1114005,0.1075941
225579,0.004699,0.0048571
94180,0.0457106,0.036843
102680,0.9772133,0.9974398
56643,0.0071407,0.0085737
52466,3.3963297,3.4773424
12751,28.2520935,29.8794754
14080,0.0203778,0.0163926
66988,20.8365563,22.0192913
102570,1.0061629,1.2398502
18624,1.5073097,1.4633288
18174,2.7710787,2.7510898
53945,5.024336,5.4045587
11648,0,0
17769,2.5013415,2.4493986
66194,5.652324,5.6541718
66171,6.3822979,5.7445585
226844,1.1043835,1.1560076
66646,1.6943713,1.7565583
108114,4.6605391,5.2483374
18399,18.0522772,22.9291415
19879,1.420133,2.0364146
22598,50.0173901,49.3567848
234967,0.3753441,0.3941309
12638,0.1993406,0.2149198
243328,0.0099084,0.0095942
27404,0.0875611,0.0910307
26357,1.6859025,1.7561667
11828,6.0926696,6.1412805
11832,1.1006817,1.1389841
27410,9.0973115,9.093013
11304,0.0575456,0.0709138
109342,2.4870972,2.4917871
230612,0.255892,0.2706906
246787,13.8835637,14.9551593
241612,0.9410947,1.0872062
52710,23.5045421,21.5435254
16523,0.6549637,0.6482118
20927,0.0084365,0.0080646
20928,0.0334934,0.0327901
16514,0.2389063,0.3174099
19662,0.4137809,0.5014638
20897,0.1694866,0.1389999
19659,1.0956983,0.8185432
19660,0.0004235,0.000164
20778,0.7107634,0.6135247
237636,0.0111566,0.0070095
15446,0.1207129,0.1306409
74442,3.7223869,4.0962833
74182,0.5402246,0.5767912
64602,1.9858381,2.0309705
78801,0.0365634,0.0351567
11636,0.5504889,0.5239678
11566,3.0215359,3.1622293
11565,0.5659302,0.54488
114863,16.6645078,15.6881542
11846,2.4778748,2.052868
12892,6.5524996,6.8184997
51797,3.9597071,3.9552157
55936,0.9635389,1.0252806
14923,7.1109783,6.4006038
110391,4.9513032,5.2460937
14593,1.179607,1.2225842
433182,209.9750021,194.5015521
13806,12.5052605,11.6918072
13808,1.2964968,1.2444071
13807,0.9571482,0.9210659
15203,0.7129211,0.7081856
319945,3.3698193,3.288542
216558,1.9403093,2.1826723
14433,27.3351846,27.644957
100042025,0.0198371,0.053783
14447,1.0157659,1.002223
14583,1.4428251,1.4825651
14584,0.1036545,0.090037
14645,27.7511675,27.7926687
266744,0.000173,0.0006701
13479,0.5999989,0.7675473
218138,0.0489852,0.0467789
14528,0.3948102,0.3722115
12350,20.0653175,23.4312975
11826,23.1344061,25.0629768
11829,1.1476027,1.3867644
17339,0.0079078,0.0079212
11827,48.099542,44.79851
11830,0.0286486,0.019022
15288,4.6436401,4.5074426
12035,1.0296255,1.1560702
23917,0.9625785,0.9112671
23918,1.3943366,1.3033049
12215,47.8516363,46.9839468
110119,4.2915248,4.2734103
665563,0.1561975,0.1562675
192185,8.750125,8.3516435
110895,0.0584227,0.0624119
277973,0.1965782,0.1819562
14751,6.1123087,6.083315
18655,5.6836553,5.357211
338366,1.9015883,1.9292443
18663,0,0
72157,1.3437997,1.2913324
66681,0.7708518,0.7626275
29858,2.2395008,2.1367052
54128,2.0182697,2.0309527
17025,13.7657215,13.3749688
66812,0.8457184,0.7593018
106564,6.1381906,6.0040139
56189,0.891367,1.0453496
246049,0.5695275,0.5961786
75456,0.0058328,0.0028239
19139,1.6226945,1.7001909
110639,0.8498871,0.9026317
107272,2.7986592,2.5013982
100678,0.7410828,0.7475495
54391,20.4535898,20.3302669
21351,22.8730841,20.9711188
208967,0.7906054,0.8137919
21881,6.0501231,5.9118823
74419,0.0015981,0
83553,0.0050064,0.0039388
29807,0.0943661,0.100896
21991,157.682897,159.989867
74246,5.0225331,4.6304932
107652,5.6332727,5.3442264
227620,17.9741655,20.032206
22276,1.2347839,1.2497278
108052,0.0791984,0.074473
27411,2.5187544,2.6360502
104816,3.14689,2.8239748
107476,0.0884492,0.1047232
78914,1.0044852,1.0188145
11534,0.136619,0.143463
69519,0.2749849,0.2962226
75572,0.0661486,0.0739724
66204,0.7259214,0.7183496
245847,10.4583141,9.8646923
108147,2.117883,2.1113726
109900,8.394315,8.3960878
69634,0.145509,0.1542304
67980,0.8896256,0.9260709
26384,5.5738198,5.6013896
14635,10.8091624,10.4409604
69976,0.4153936,0.4183175
14430,7.1828574,7.0702428
231327,0.8066941,0.8626984
68977,8.5286724,8.1644163
15109,0.2424961,0.2202396
71761,0.0044889,0.0032127
109801,5.7559206,5.753418
55980,3.8296407,3.711937
114663,0.6061178,0.6040546
53332,0.4658565,0.5074271
14913,0.1595483,0.1510864
18263,11.3882895,11.9493353
56421,2.2922853,2.2579314
18642,0.7655301,0.7907767
319848,0.3937834,0.376915
105355,11.1282336,12.6479158
218103,0.0251721,0.0202973
20505,20.6289575,27.8945104
20531,4.8925147,4.4296201
237823,1.0917016,1.1090017
257635,0.6954961,0.6553253
22171,0.7468969,0.7226051
243537,0.7333688,0.6943754
19703,9.3539291,9.3797896
320685,0.0590421,0.059822
116914,1.1882618,1.28808
269378,2.7644649,2.6784892
229709,4.4999622,4.6817683
55951,3.2638707,3.5380799
70456,6.0308926,6.182393
54670,0.1942229,0.1911249
54667,0.6396309,0.6160708
50770,15.7924407,17.1253638
320940,0.0545978,0.059461
18669,0.5222854,0.5157724
66834,2.8772442,3.2210725
22227,0.0972468,0.1857987
329910,0.3391515,0.3774693
74104,4.8506743,4.6950823
56315,2.3286145,2.4143431
12491,2.9278388,3.053467
19765,2.6942169,2.5847969
18104,2.1599835,2.2392475
68312,0.6889704,0.719199
171168,0.0003983,0.0002204
66190,0.2238865,0.2351688
230379,0.3524857,0.3339228
19156,81.6963708,81.4682187
14667,6.9318106,7.2929784
230101,1.7999066,1.8160102
23956,0.1143466,0.1185598
50877,0.1426908,0.1265527
20452,0.0277083,0.0297321
16890,3.2114357,3.1767337
16891,0.066606,0.0694556
67758,2.2508899,2.7030947
269060,0.1705731,0.1708555
231871,0.4421298,0.4291799
18947,0.0005489,0.0003543
69060,0,0
66853,30.8318676,29.6234667
67717,0.0102195,0
18946,0.0026652,0.0007226
14077,1.2789502,1.3463526
14079,0.0044084,0.0028458
12140,0.7096749,0.7265075
16592,1.0863243,1.0355658
16204,0.00801,0.0051707
11770,62.5499357,60.0418763
75497,0.0035746,0.0035997
21884,0,0.0008772
20216,3.9944491,4.4916111
233799,20.1719715,22.6693983
272428,1.7103308,2.0238648
233801,0.0009958,0.0002571
67469,1.8513744,1.8905041
218121,0.1729952,0.1777452
225010,0.3205162,0.3441725
64898,1.0141309,1.007033
235044,0.5389767,0.4994249
229791,0.0555172,0.0616583
216152,8.8896177,8.6870195
64899,1.4359556,1.3548118
14245,0.4507624,0.4734771
71910,5.4569427,4.9473089
381925,0.0006555,0.0007053
28042,0.8159238,0.8541522
18807,3.5355324,3.355346
104759,2.261289,2.2367501
194908,0.1156015,0.0934209
12038,0.0182433,0.0209676
69923,0.1566318,0.1556057
67260,0.300501,0.3014337
71949,1.6822437,1.6601222
76893,25.8591001,25.8657165
545975,0.0066033,0.008263
241447,0.2454542,0.2517307
93898,#N/A,#N/A
54447,0.3212291,0.3428382
76485,2.6402716,2.7140632
68273,2.3312224,2.2917108
66435,0.0484547,0.0568071
67909,0.000839,0.0005281
74782,0.0064008,0.0050211
56375,0.20766,0.21427
654821,0.0735578,0.0813194
16430,2.7695396,2.7407209
320011,0.6530396,0.6565139
330406,0.5951033,0.6803935
108155,4.4278595,4.6047122
26878,0.3841188,0.4702301
97884,0.7943296,0.8251889
224143,1.1721881,1.1923634
68292,1.4710061,1.4710169
14422,0.0059914,0.0066716
268510,0.0012204,0.0013671
26877,0.0011443,0.0010996
171167,0.0280715,0.0295987
14347,0.0833515,0.0781711
330671,0.0642941,0.0672015
381694,0.1196908,0.1209639
208211,4.9067588,4.7471555
14345,0.9733915,0.8925866
73068,2.2417476,2.309742
71103,0.0014078,0.0008609
67555,0.0002888,0.0001864
97440,1.7847025,1.7657472
56356,2.681278,2.6359705
238023,1.6692512,1.6519153
74577,6.3462343,6.6846869
20448,0.4077092,0.3676225
241159,0,0
14344,1.761825,1.2392904
71519,0.1984001,0.209699
69590,3.2010567,3.2905827
71854,0.0894726,0.0695229
319446,0.7290628,0.6471327
56351,2.8530066,2.7527443
67053,2.0248152,2.0937917
224024,1.2794763,1.2132566
105349,1.6893453,2.1712594
676527,0.0397038,0.046238
98386,0.7918451,0.8114167
17919,0.462286,0.4896683
110611,5.0977421,5.1349723
18145,0.794132,0.7614585
102294,0.2829572,0.2843149
57357,1.7022261,1.6317969
27400,0.0033462,0.0021061
56348,0.9054217,0.9088062
114664,2.9503762,2.8910388
54325,20.4369612,20.0850679
12686,0.0235942,0.0589848
74559,1.1701625,1.1812406
57874,2.0096698,2.0264022
67044,85.7291818,81.0327655
30963,0.145512,0.1516682
66775,0.3449356,0.342924
70757,0.6078059,0.6422013
106529,3.3643692,3.2693424
243078,0,0.0000205
328035,0.6496553,0.7017249
60527,10.5556572,9.9368194
66411,6.031679,5.5345107
214663,0.378881,0.3528443
14187,2.6209409,2.4071993
215015,1.6704035,1.694777
238024,1.3122605,1.2981025
74035,1.6098143,1.5877379
63828,0.3685476,0.3585856
75578,0.0904803,0.0986553
100503991,0.5528546,0.5320107
235534,0.124583,0.1337642
101744,0.0002062,0
331487,0.2840173,0.3035315
319518,0.8431443,0.9668009
18452,1.4471129,1.3839972
18451,0.9971389,1.0042363
320452,0.0068165,0.0050311
67870,0.336289,0.3308926
104923,5.0372964,4.9314437
100328588,#N/A,#N/A
14204,1.7964809,1.7262967
67712,1.6519623,1.622061
246696,5.1980991,5.0806692
54384,0.0848288,0.078502
75454,17.1369998,16.5717586
219135,1.3257071,1.3680675
209039,4.0562097,3.8596426
103466,0.3362005,0.3452015
103199,0.2422194,0.250801
75769,0.0006558,0.0009663
329506,0.2020425,0.2287546
237523,0.0004341,0.0004826
72102,7.0153349,7.1954791
218232,0.5018573,0.5320851
227721,0.1307221,0.1055333
97287,0.9377607,0.9397335
66865,13.2111546,13.3932774
101490,0.7473064,0.7623993
74411,10.1690293,10.6757498
83493,1.2994643,1.3912377
67881,14.6493231,13.7686139
17330,1.657411,1.6336478
217837,0.2050767,0.2034004
227733,0.0025384,0.0050914
22262,0.0272866,0.024675
241452,0.0646601,0.0578294
20148,1.2097043,1.2901356
791260,1.2196694,1.1661896
107585,0.1685468,0.1461061
13371,0.0222949,0.0381768
13370,0.4336463,0.3684664
56362,0.1374507,0.130618
69083,3.6780128,3.9776651
52064,2.3056836,2.3002276
69188,0.9568654,0.9951566
231051,0.2302962,0.2483364
233904,3.2587104,3.1608531
20937,1.1247946,1.1597184
208266,2.382288,2.316877
75410,4.4388996,4.4510283
107823,0.6497866,0.6747901
225888,1.1394401,1.1737309
192195,0.6326786,0.6689966
214162,1.1398018,1.2447896
232811,7.6801007,7.5140193
239122,0.1471872,0.1590783
208043,1.5136228,1.5492609
84505,1.3404187,1.3715652
73251,1.1770481,1.1487024
234135,0.6922191,0.7211713
64707,0.3770325,0.3891341
18193,0.9792316,1.0123002
381022,3.6490805,3.6448697
74729,0.6183678,0.6137859
77683,0.3179258,0.3228592
235626,0.6256418,0.6618083
67956,4.4982818,4.2614261
69726,0.0179714,0.0183074
110147,10.3042077,9.9680328
69019,42.3658398,43.4169916
66624,2.5823204,2.5080806
76687,10.2701548,9.5749873
56529,2.1068049,1.998085
66286,1.5448564,1.5822433
57170,1.8450539,1.828501
107895,0.1024562,0.1123061
67569,0.000716,0.0007822
69675,0.6083502,0.5281767
227399,0.4828066,0.5015469
327655,3.0591442,2.9331708
225913,12.457098,12.7567464
70974,0.1337613,0.1310533
67935,0.0000893,0.0002161
13909,0.0009606,0.0015502
382053,0.0066393,0.0061074
104158,0.9989253,1.3679854
109791,0.0140181,0.0166586
67473,8.2017251,8.9862663
380701,0.019719,0.0203566
75750,0.0394032,0.0296976
20521,68.9595472,73.6695045
235386,1.775583,2.0487215
66065,0.2087918,0.2237641
71412,0.0004193,0.0007308
53415,1.227051,1.2895211
234309,1.0433263,1.0139578
13016,6.346755,6.0344059
69772,3.4157709,3.6216396
70061,0.0141474,0.012865
436008,#N/A,#N/A
74032,0.612954,0.6208624
80707,0.0226284,0.0231119
67861,1.9994674,2.069523
320981,0.4136177,0.4529028
72947,10.254683,9.7656186
76768,0,0.0004376
11650,0.001006,0
330962,1.1346957,1.2493874
106407,4.6203527,4.4792423
94215,#N/A,#N/A
72094,0.0678425,0.053431
269823,0.3112356,0.3185545
22273,24.7530298,24.7381365
66576,33.3542344,32.4558445
17711,6144.617584,6541.311578
66152,67.8779687,66.3032699
66594,10.6787484,11.2347852
67003,10.4675055,11.1203041
66694,42.5193619,44.4190839
66445,121.6675203,121.0802105
22272,66.6064326,62.8370366
67530,2.4511136,2.6132684
20523,0.1658115,0.1601493
22229,0.1626498,0.1619532
22228,53.6855654,44.8376055
74011,0.2327551,0.2336679
66218,32.4437259,32.258468
226646,19.2660715,18.6682943
227197,4.2087716,4.6761181
67130,23.588354,23.6914953
66414,0.3882495,0.4175412
66495,7.2805146,7.2565279
68194,3.9159672,3.6802818
100041273,300.4152238,291.8098742
100042503,#N/A,#N/A
407785,5.8360435,5.7130139
68197,8.7434157,8.5224648
66091,25.0084561,23.0715684
54405,19.8835735,20.3063145
75406,13.5374664,13.0303929
225887,22.8697013,22.5854348
230075,9.6867873,9.2760861
66377,4.9562479,5.267442
67273,3.6728236,3.7614536
595136,3.0524266,2.9140149
68342,31.5504885,30.9950806
17718,1804.054722,1939.847216
80286,#N/A,#N/A
68349,4.9848728,5.098141
17722,3116.980577,3470.571903
17720,4441.586519,5085.285752
102631912,#N/A,#N/A
66416,5.8866049,5.483448
17995,45.9323571,45.0642059
68202,6.9227215,6.7262131
17719,4316.732257,4861.815194
17992,38.9407122,39.6946686
67184,16.3761609,16.4521824
67264,32.4170698,29.5761189
66108,3.9774829,4.0953626
69875,9.2020612,9.0513977
66046,5.8566882,6.1035002
17993,0.7770377,0.7559435
66916,16.59202,15.3730274
17717,2789.542803,3133.748366
17991,57.7342451,53.8628378
68375,6.9888275,7.0088431
68198,7.3969783,7.2739932
17716,5141.191561,5488.990863
78330,5.2575613,4.9760185
70316,2.1281334,2.2388749
72900,4.596783,4.7491905
17721,2501.114389,2841.528957
104130,35.3478299,36.4169583
12868,130.7920885,126.3083139
12866,29.9159183,30.1795782
12859,10.1257663,11.96477
12857,83.2133329,83.4296363
75483,0,0
20463,8.0025948,7.9270596
12867,11.3722429,10.9422463
17708,15586.26197,16340.84035
66142,14.9193919,15.6281904
12862,0.1890041,0.1321756
12864,12.7253266,12.7826591
17709,10908.24903,11527.95372
12858,14.1292102,14.2779273
333182,2.5810591,2.8812149
17710,9112.748906,9585.967406
78174,0,0.0001048
12865,1.9221713,1.9571843
110323,22.3385051,21.8036092
84682,0.0895245,0.0868316
12861,99.447894,98.750972
268756,0.0166387,0.0158298
58865,0.0043782,0.00358
11950,9.8542669,10.4619625
11951,4.2864623,4.2805985
11957,19.2052056,18.908036
11958,55.8324447,53.5466315
18195,0.4107118,0.4090222
27425,2.2800868,2.2393868
57423,15.4200744,15.5223058
71679,3.1464961,3.2940604
228033,143.7556143,147.1829309
67942,5.1444972,4.7089205
11946,125.1389833,131.6000547
11947,252.2419942,263.5920153
11949,9.9233778,10.6669891
66043,41.5686627,40.0056784
67126,51.1716011,48.2665811
68055,0.5327004,0.5711588
28080,0.6786879,0.7016517
26464,0.0129407,0.0172508
22361,4.3316127,3.8617708
225326,0.343127,0.3526761
67292,0.356597,0.3223582
56176,1.1387581,1.1354903
110417,2.1109372,2.153775
18700,1.1928946,1.2413096
14755,8.3249978,8.2118323
140494,4.1375902,4.1137208
114143,77.1375799,75.2093396
11984,52.5519317,51.764913
11974,5.606736,5.4469086
242341,0.4041084,0.4757897
11972,2.2967824,2.276517
11975,1.4511896,1.4727752
27060,5.7563,5.274345
21871,0.6458993,0.6641023
73834,3.4082211,3.3750391
66144,37.4642451,37.6538277
11973,4.9551281,5.0772237
68775,0.602163,0.6472548
11964,4.3308205,4.7232596
108664,1.1641479,1.2149719
66290,10.685869,10.6872299
11966,11.9133638,11.8387447
338375,2.185334,2.3432238
110935,3.2896242,3.4499588
74915,0,0
66237,1.9855724,1.7805531
66335,3.6219331,3.6670972
